Comment,Designator,Footprint,LCSC
100nF,"C1,C16,C18,C2,C20,C21,C7",C_0402_1005Metric,C1525
22uF,"C10,C8,C9",C_0805_2012Metric,C45783
47pF,C11,C_0402_1005Metric,C1567
10uF,"C12,C14,C15",C_0603_1608Metric,C19702
1uF,"C13,C17,C19",C_0402_1005Metric,C52923
22pF,"C22,C23",C_0402_1005Metric,C1555
100uF 35V,C3,CP_Elec_6.3x7.7,C88744
10uF,"C4,C5",C_0805_2012Metric,C15850
100nF,C6,C_0402_1005Metric,C307331
B5819W,"D1,D2",D_SOD-123,C8598
ESP32-S3-MINI-1U-N4R2,ESP1,BULETM-SMD_ESPRESSIF_ESP32-S3-MINI-1U-N8,C22356044
BOOT/RST,H1,HDR-SMD_3P-P2.54-V-M_HX-PZ2.54-1X3P-TP-YQ,C41417360
NANO_RX,H2,CONN-SMD_HX-PZ2.54-1X4P-TP-YQ,C41417361
15uH,L1,L_Taiyo-Yuden_NR-40xx,C167881
XL-2020RGBC-WS2812B,LED1,LED-SMD_4P-L2.0-W2.0-BR-1,C5349955
0.5m,R1,R_Yezhan_ASR3_2512,C469426
100,"R10,R13,R14,R17,R18",R_0402_1005Metric,C25076
10k,"R11,R12,R6,R7",R_0402_1005Metric,C25744
5.1k,"R15,R16",R_0402_1005Metric,C25905
10,"R2,R3",R_0402_1005Metric,C25077
100k,R4,R_0402_1005Metric,C25741
12k,R5,R_0402_1005Metric,C25752
4.7k,"R8,R9",R_0402_1005Metric,C25900
INA228,U1,VSSOP-10_3x3mm_P0.5mm,C2887910
TPS54202DDC,U2,SOT-23-6,C191884
AP2112K-3.3,U3,SOT-23-5,C51118
BNO055,U4,LGA-28_5.2x3.8mm_P0.5mm,C93216
USBLC6-2SC6,U5,SOT-23-6,C2687116
TYPE-C-31-M-06,USB1,TYPE-C-USB-SMD_TYPE-C-31-M-06,C129019
32.768kHz,Y1,Crystal_SMD_3215-2Pin_3.2x1.5mm,C32346
