Designator,Mid X,Mid Y,Layer,Rotation
C3,130.6000mm,-110.0000mm,Bottom,90
C19,107.6000mm,-117.2000mm,Bottom,180
C22,103.1000mm,-115.2500mm,Bottom,180
H1,79.0000mm,-109.0000mm,Bottom,180
H2,100.0000mm,-87.4000mm,Bottom,0
R1,115.4000mm,-109.9500mm,Bottom,90
R2,118.6000mm,-112.4000mm,Bottom,90
R3,118.6000mm,-110.2000mm,Bottom,90
USB1,100.0000mm,-111.1000mm,Bottom,180
C1,118.4000mm,-112.2000mm,Top,90
C2,91.4000mm,-101.6000mm,Top,90
C4,127.0000mm,-110.0000mm,Top,90
C5,124.8000mm,-110.0000mm,Top,90
C6,127.2300mm,-116.1500mm,Top,270
C7,132.7800mm,-115.9000mm,Top,90
C8,144.0000mm,-114.6000mm,Top,90
C9,136.4800mm,-113.0300mm,Top,90
C10,135.7300mm,-115.9500mm,Top,0
C11,133.1700mm,-110.9300mm,Top,0
C12,129.0000mm,-110.0000mm,Top,90
C13,80.2300mm,-108.9000mm,Top,90
C14,84.9700mm,-106.2300mm,Top,180
C15,91.3000mm,-98.0000mm,Top,90
C16,112.5000mm,-106.0500mm,Top,0
C17,77.5000mm,-108.4000mm,Top,0
C18,96.8000mm,-87.0000mm,Top,90
C20,111.6500mm,-115.8800mm,Top,180
C21,106.4900mm,-110.9400mm,Top,90
C23,105.5000mm,-114.0000mm,Top,0
D1,131.0000mm,-107.0000mm,Top,0
D2,83.9900mm,-112.1600mm,Top,0
ESP1,100.0000mm,-100.0001mm,Top,0
L1,140.0000mm,-114.0000mm,Top,0
LED1,100.0000mm,-87.0000mm,Top,0
R4,133.0000mm,-112.6000mm,Top,90
R5,133.4000mm,-114.2500mm,Top,0
R6,77.5000mm,-107.0000mm,Top,0
R7,74.5000mm,-107.0000mm,Top,0
R8,98.8000mm,-118.5000mm,Top,180
R9,101.2000mm,-117.6000mm,Top,90
R10,103.2000mm,-87.0000mm,Top,90
R11,105.0000mm,-112.6000mm,Top,0
R12,111.4000mm,-118.0000mm,Top,90
R13,109.8000mm,-106.0000mm,Top,90
R14,91.0000mm,-94.0000mm,Top,90
R15,100.0000mm,-110.6000mm,Top,0
R16,100.0000mm,-112.0000mm,Top,0
R17,91.4000mm,-106.0000mm,Top,90
R18,108.6000mm,-106.0000mm,Top,90
U1,115.4000mm,-109.1000mm,Top,180
U2,130.0000mm,-114.2000mm,Top,270
U3,83.0325mm,-109.0001mm,Top,270
U4,107.4701mm,-117.5900mm,Top,90
U5,97.2200mm,-116.0800mm,Top,90
Y1,103.1001mm,-116.3500mm,Top,270
