Designator,LCSC,JLCPCB footprint,Layer,KiCad rot,JLCPCB rot,Fit mm,Centre shift mm
C3,C88744,CAP-SMD_BD6.3-L6.6-W6.6-FD,Bottom,90.000000,90,0.0300,0.000
C19,C52923,C0402,Bottom,0.000000,180,0.0599,0.000
C22,C1555,C0402,Bottom,0.000000,180,0.0599,0.000
H1,C41417360,HDR-SMD_3P-P2.54-V-M_HX-PZ2.54-1X3P-TP-YQ,Bottom,0.000000,180,0.0001,0.000
H2,C46061677,CONN-SMD_HX-PZ2.54-1X4P-WT,Bottom,180.000000,0,0.0000,0.000
R1,C469426,RES-SMD_L6.3-W3.2_R2512,Bottom,90.000000,90,0.0670,0.000
R2,C25077,R0402,Bottom,90.000000,90,0.0772,0.000
R3,C25077,R0402,Bottom,90.000000,90,0.0772,0.000
USB1,C2689964,USB-C-SMD_TYPE-C-31-D-06,Bottom,0.000000,180,0.0002,0.000
C1,C1525,C0402,Top,90.000000,90,0.0599,0.000
C2,C1525,C0402,Top,90.000000,90,0.0599,0.000
C4,C15850,C0805,Top,90.000000,90,0.0500,0.000
C5,C15850,C0805,Top,90.000000,90,0.0500,0.000
C6,C307331,C0402,Top,-90.000000,270,0.0599,0.000
C7,C1525,C0402,Top,90.000000,90,0.0599,0.000
C8,C45783,C0805,Top,90.000000,90,0.0500,0.000
C9,C45783,C0805,Top,90.000000,90,0.0500,0.000
C10,C45783,C0805,Top,0.000000,0,0.0500,0.000
C11,C1567,C0402,Top,0.000000,0,0.0599,0.000
C12,C19702,C0603,Top,90.000000,90,0.0750,0.000
C13,C52923,C0402,Top,90.000000,90,0.0599,0.000
C14,C19702,C0603,Top,180.000000,180,0.0750,0.000
C15,C19702,C0603,Top,90.000000,90,0.0750,0.000
C16,C1525,C0402,Top,0.000000,0,0.0599,0.000
C17,C52923,C0402,Top,0.000000,0,0.0599,0.000
C18,C1525,C0402,Top,90.000000,90,0.0599,0.000
C20,C1525,C0402,Top,180.000000,180,0.0599,0.000
C21,C1525,C0402,Top,90.000000,90,0.0599,0.000
C23,C1555,C0402,Top,0.000000,0,0.0599,0.000
D1,C8598,SOD-123_L2.7-W1.6-LS3.7-RD-1,Top,0.000000,0,0.0500,0.000
D2,C8598,SOD-123_L2.7-W1.6-LS3.7-RD-1,Top,0.000000,0,0.0500,0.000
ESP1,C22356044,BULETM-SMD_ESPRESSIF_ESP32-S3-MINI-1U-N8,Top,0.000000,0,0.0002,0.000
L1,C167881,IND-SMD_L4.0-W4.0_FNR40XXS,Top,0.000000,0,0.1001,0.000
LED1,C5349955,LED-SMD_4P-L2.0-W2.0-BR-1,Top,0.000000,0,0.0050,0.000
R4,C25741,R0402,Top,90.000000,90,0.0772,0.000
R5,C25752,R0402,Top,0.000000,0,0.0772,0.000
R6,C25744,R0402,Top,0.000000,0,0.0772,0.000
R7,C25744,R0402,Top,0.000000,0,0.0772,0.000
R8,C25900,R0402,Top,180.000000,180,0.0772,0.000
R9,C25900,R0402,Top,90.000000,90,0.0772,0.000
R10,C25076,R0402,Top,90.000000,90,0.0772,0.000
R11,C25744,R0402,Top,0.000000,0,0.0772,0.000
R12,C25744,R0402,Top,90.000000,90,0.0772,0.000
R13,C25076,R0402,Top,90.000000,90,0.0772,0.000
R14,C25076,R0402,Top,90.000000,90,0.0772,0.000
R15,C25905,R0402,Top,0.000000,0,0.0772,0.000
R16,C25905,R0402,Top,0.000000,0,0.0772,0.000
R17,C25076,R0402,Top,90.000000,90,0.0772,0.000
R18,C25076,R0402,Top,90.000000,90,0.0772,0.000
U1,C2868250,VSSOP-10_L3.0-W3.0-P0.50-LS4.9-BL,Top,-90.000000,180,0.1500,0.000
U2,C191884,SOT-23-6_L2.9-W1.6-P0.95-LS2.8-BL,Top,0.000000,270,0.0116,0.000
U3,C51118,SOT-25-5_L2.9-W1.6-P0.95-LS2.8-BL,Top,0.000000,270,0.1950,0.032
U4,C93216,LGA-28_L5.2-W3.8-P0.50-BL,Top,180.000000,90,0.1376,0.000
U5,C2687116,SOT-23-6_L2.9-W1.6-P0.95-LS2.8-BL,Top,180.000000,90,0.0116,0.000
Y1,C32346,FC-135R_L3.2-W1.5,Top,90.000000,270,0.0001,0.000
