Ref,Val,Package,PosX,PosY,Rot,Side
"C3","100uF 35V","CP_Elec_6.3x7.7",130.600000,-110.000000,90.000000,bottom
"H1","BOOT/RST","HDR-SMD_3P-P2.54-V-M_HX-PZ2.54-1X3P-TP-YQ",100.000000,-102.000000,0.000000,bottom
"H2","NANO_RX","CONN-SMD_HX-PZ2.54-1X4P-TP-YQ",100.000000,-89.500000,0.000000,bottom
"R1","0.5m","R_Yezhan_ASR3_2512",115.400000,-109.950000,90.000000,bottom
"R2","10","R_0402_1005Metric",118.600000,-112.400000,90.000000,bottom
"R3","10","R_0402_1005Metric",118.600000,-110.200000,90.000000,bottom
"USB1","TYPE-C-31-M-06","TYPE-C-USB-SMD_TYPE-C-31-M-06",71.000000,-109.000000,0.000000,bottom
"C1","100nF","C_0402_1005Metric",118.400000,-112.200000,90.000000,top
"C2","100nF","C_0402_1005Metric",91.400000,-101.600000,90.000000,top
"C4","10uF","C_0805_2012Metric",127.000000,-110.000000,90.000000,top
"C5","10uF","C_0805_2012Metric",124.800000,-110.000000,90.000000,top
"C6","100nF","C_0402_1005Metric",127.230000,-116.150000,90.000000,top
"C7","100nF","C_0402_1005Metric",132.780000,-115.900000,90.000000,top
"C8","22uF","C_0805_2012Metric",144.000000,-114.600000,90.000000,top
"C9","22uF","C_0805_2012Metric",136.480000,-113.030000,90.000000,top
"C10","22uF","C_0805_2012Metric",135.730000,-115.950000,0.000000,top
"C11","47pF","C_0402_1005Metric",133.170000,-110.930000,0.000000,top
"C12","10uF","C_0603_1608Metric",129.000000,-110.000000,90.000000,top
"C13","1uF","C_0402_1005Metric",80.230000,-108.900000,90.000000,top
"C14","10uF","C_0603_1608Metric",84.970000,-106.230000,180.000000,top
"C15","10uF","C_0603_1608Metric",91.300000,-98.000000,90.000000,top
"C16","100nF","C_0402_1005Metric",112.500000,-106.050000,0.000000,top
"C17","1uF","C_0402_1005Metric",77.500000,-108.400000,0.000000,top
"C18","100nF","C_0402_1005Metric",96.800000,-87.000000,90.000000,top
"C19","1uF","C_0402_1005Metric",98.000000,-117.600000,0.000000,top
"C20","100nF","C_0402_1005Metric",103.000000,-110.400000,90.000000,top
"C21","100nF","C_0402_1005Metric",103.000000,-115.600000,90.000000,top
"C22","22pF","C_0402_1005Metric",95.630000,-115.990000,90.000000,top
"C23","22pF","C_0402_1005Metric",94.430000,-110.300000,90.000000,top
"D1","B5819W","D_SOD-123",131.000000,-107.000000,0.000000,top
"D2","B5819W","D_SOD-123",77.100000,-110.400000,0.000000,top
"ESP1","ESP32-S3-MINI-1U-N4R2","BULETM-SMD_ESPRESSIF_ESP32-S3-MINI-1U-N8",100.000000,-100.000000,0.000000,top
"L1","15uH","L_Taiyo-Yuden_NR-40xx",140.000000,-114.000000,0.000000,top
"LED1","XL-2020RGBC-WS2812B","LED-SMD_4P-L2.0-W2.0-BR-1",100.000000,-87.000000,0.000000,top
"R4","100k","R_0402_1005Metric",133.000000,-112.600000,90.000000,top
"R5","12k","R_0402_1005Metric",133.400000,-114.250000,0.000000,top
"R6","10k","R_0402_1005Metric",77.500000,-107.000000,0.000000,top
"R7","10k","R_0402_1005Metric",74.900000,-107.000000,90.000000,top
"R8","4.7k","R_0402_1005Metric",105.000000,-118.000000,0.000000,top
"R9","4.7k","R_0402_1005Metric",102.600000,-118.000000,0.000000,top
"R10","100","R_0402_1005Metric",103.200000,-87.000000,90.000000,top
"R11","10k","R_0402_1005Metric",104.600000,-112.000000,90.000000,top
"R12","10k","R_0402_1005Metric",104.600000,-114.600000,90.000000,top
"R13","100","R_0402_1005Metric",109.800000,-106.000000,90.000000,top
"R14","100","R_0402_1005Metric",91.000000,-94.000000,90.000000,top
"R15","5.1k","R_0402_1005Metric",67.000000,-112.000000,90.000000,top
"R16","5.1k","R_0402_1005Metric",66.850000,-113.660000,0.000000,top
"R17","100","R_0402_1005Metric",91.400000,-106.000000,90.000000,top
"R18","100","R_0402_1005Metric",108.600000,-106.000000,90.000000,top
"U1","INA228","VSSOP-10_3x3mm_P0.5mm",115.430000,-108.790000,-90.000000,top
"U2","TPS54202DDC","SOT-23-6",130.000000,-114.200000,0.000000,top
"U3","AP2112K-3.3","SOT-23-5",83.000000,-109.000000,0.000000,top
"U4","BNO055","LGA-28_5.2x3.8mm_P0.5mm",100.000000,-113.000000,90.000000,top
"U5","USBLC6-2SC6","SOT-23-6",70.950000,-113.800000,0.000000,top
"Y1","32.768kHz","Crystal_SMD_3215-2Pin_3.2x1.5mm",96.350000,-112.810000,90.000000,top
